{"alpha=1":{"N":[50.0,60.0,70.0],"t":[0.088823,0.13419287,0.1820559]},"alpha=2":{"N":[50.0,60.0,70.0],"t":[0.11317779,0.18172257,0.24191913]}}