{"alpha=4":{"N":[30.0,40.0,50.0,60.0,70.0,80.0,90.0,100.0,110.0,120.0,130.0,140.0,150.0],"t":[0.1183121,0.15274239,0.20654847,0.29730615,0.43011358,0.64920366,0.787587,1.229926,1.8078747,2.0625021,2.581001,3.1331842,3.5916538]},"alpha=1":{"N":[30.0,40.0,50.0,60.0,70.0,80.0,90.0,100.0,110.0,120.0,130.0,140.0,150.0],"t":[0.04051671,0.06802957,0.10628971,0.15131997,0.19351156,0.27566937,0.32500073,0.4334807,0.55216426,0.7124315,0.8730882,1.090701,1.6299005]},"alpha=3":{"N":[30.0,40.0,50.0,60.0,70.0,80.0,90.0,100.0,110.0,120.0,130.0,140.0,150.0],"t":[0.05701094,0.09499122,0.15365268,0.23523903,0.3416392,0.4895992,0.5506062,0.8210277,1.09326,1.4881115,1.9516208,2.3107953,2.6455052]},"alpha=2":{"N":[30.0,40.0,50.0,60.0,70.0,80.0,90.0,100.0,110.0,120.0,130.0,140.0,150.0],"t":[0.0461161,0.07348158,0.1178568,0.19572698,0.26833043,0.39844215,0.5006887,0.6828706,0.86269516,1.060632,1.2874166,1.512177,1.7433897]}}