{"alpha=1": {"N": [30, 40, 50, 60, 70, 80, 90, 100, 110, 120, 130, 140, 150], "t": [0.12572830000135582, 0.22947890000068583, 0.33272459999716375, 0.44662919999973383, 0.5739005000068573, 0.7883792000066023, 0.9994676000060281, 1.1361961999937193, 1.4346978000103263, 1.6493903000082355, 2.117531099996995, 2.556546799998614, 2.7719252000097185]}, "alpha=2": {"N": [30, 40, 50, 60, 70, 80, 90, 100, 110, 120, 130, 140, 150], "t": [0.1803485999989789, 0.2983853000041563, 0.42754029999196064, 0.6550381999986712, 0.9255316000053426, 1.3662349000078393, 1.6097707000008086, 1.9897953000036068, 2.369301600003382, 2.777401600003941, 3.736238900004537, 4.677660899993498, 4.958158299996285]}, "alpha=3": {"N": [30, 40, 50, 60, 70, 80, 90, 100, 110, 120, 130, 140, 150], "t": [0.20822000000043772, 0.3712454000051366, 0.617524900007993, 0.9148906000045827, 1.3108249999932013, 1.7352886000007857, 2.261941200005822, 2.986136399995303, 3.5315582000039285, 4.670551000002888, 5.692423100001179, 7.131488899991382, 7.821280199990724]}, "alpha=4": {"N": [30, 40, 50, 60, 70, 80, 90, 100, 110, 120, 130, 140, 150], "t": [0.3559211000101641, 0.5049522000044817, 0.8059714999981225, 1.164320099996985, 1.699256099993363, 2.4187029999884544, 2.9529979999933857, 3.66640990000451, 4.5506217000074685, 5.423326599993743, 7.293811099996674, 8.829789199997322, 10.709523999990779]}}