{"alpha=1": {"N": [50, 60, 70], "t": [0.3252737000002526, 0.43607369999517687, 0.5659528000105638]}, "alpha=2": {"N": [50, 60, 70], "t": [0.449261400004616, 0.6660521000012523, 0.9325750999996671]}}